{
    "xsappname": "mccdashboardrepository-xsuaa",
    "tenant-mode": "dedicated",
    "description": "Security profile of called application",
    "scopes": [
      {
        "name": "$XSAPPNAME.user",
        "description": "Can access MCC Dashboard Repository"
      }
    ],
    "role-templates": [
      {
        "name": "User",
        "description": "MCC Dashboard Repository User - Can access MCC Dashboard Repository",
        "scope-references": [
          "$XSAPPNAME.user"
        ]
      }
    ],
    "oauth2-configuration": {
      "redirect-uris": [
        "https://**.hana.ondemand.com/**",
        "https://**.applicationstudio.cloud.sap/**",
        "http://localhost:*/**"
      ]
    }
  }