<core:FragmentDefinition xmlns="sap.m" xmlns:l="sap.ui.layout" xmlns:f="sap.ui.layout.form" xmlns:core="sap.ui.core">
	<ResponsivePopover id="idServiceDelDetailsInfoPopover" title="{i18n>txtSystemHint}" placement="Auto" initialFocus="content" 
		modal="true">
		<content>
			<VBox wrap="Wrap" class="sapUiSmallMargin"> 
				<core:HTML content="&lt;div style='font-size: 14px !important'&gt;&lt;strong&gt;Provide the Item/Role Tasks specific information here&lt;/strong&gt;&lt;br/&gt;&lt;ol type='1'&gt;&lt;li&gt;Briefly describe scope and tasks and provide information about the skills and experience needed to cover them&lt;ol type='a'&gt;&lt;li&gt;must-have skills&lt;/li&gt;&lt;li&gt;nice-to-have skills&lt;/li&gt;&lt;li&gt;experience&lt;/li&gt;&lt;/ol&gt;&lt;/li&gt;&lt;li&gt;Describe the deliverable(s) and provide ‘project context information'&lt;/li&gt;&lt;/ol&gt;&lt;p&gt;&lt;strong&gt;State the expert/candidate here if already known.&lt;/strong&gt;&lt;/p&gt;&lt;strong&gt;In case you want to purchase an external,&lt;/strong&gt;&lt;div style='text-indent: 50px'&gt;then please provide the following details in this field.&lt;/div&gt;&lt;div style='text-indent: 50px'&gt;EWFC guidance on what makes a good delivery scope description is as follows:&lt;/div&gt;&lt;p&gt;&lt;div style='text-indent: 50px'&gt;&lt;strong&gt;General Statement of Purpose/Detailed scope of work&lt;/strong&gt;&lt;/div&gt;&lt;div style='text-indent: 50px'&gt;What will be done by the Freelancer during the assignment&lt;/div&gt;&lt;div style='text-indent: 50px'&gt;Output – What will exist or have been completed once the project is done&lt;/div&gt;&lt;/p&gt;&lt;p&gt;&lt;div style='text-indent: 50px'&gt;&lt;strong&gt;Deliverables&lt;/strong&gt;&lt;div&gt;&lt;div style='text-indent: 50px'&gt;Tasks that are to be done by the worker&lt;/div&gt;&lt;div style='text-indent: 50px'&gt;Output / work product that are expected to be delivered&lt;/div&gt;&lt;/p&gt;&lt;/div&gt;&lt;p&gt;&lt;div style='text-indent: 50px'&gt;&lt;strong&gt;Acceptance Criteria&lt;/strong&gt;&lt;br/&gt;&lt;/div&gt;&lt;div style='text-indent: 50px'&gt;How will SAP determine if the deliverables are an acceptable standard&lt;/div&gt;&lt;/p&gt;&lt;p&gt;&lt;div style='text-indent: 50px'&gt;&lt;strong&gt;Process for managing scope changes&lt;/strong&gt;&lt;/div&gt;&lt;div style='text-indent: 50px'&gt;These should be documented and added as an update to the scope and should not be done ad-hoc verbally during the assignment.&lt;/div&gt;&lt;/p&gt;&lt;p&gt;&lt;div style='text-indent: 50px'&gt;&lt;strong&gt;Details on task coordination&lt;/strong&gt;&lt;/div&gt;&lt;div style='text-indent: 50px'&gt;How will the order and priority of tasks be managed?&lt;/div&gt;&lt;div style='text-indent: 50px'&gt;Who will decide when to do a task.&lt;/div&gt;&lt;/p&gt;&lt;/div&gt;"></core:HTML>
			</VBox>
		</content>
		<endButton>
			<Button text="{i18n>close}" press="handleServiceDelDetailsInfoPopoverClose"/>
		</endButton>
	</ResponsivePopover>
</core:FragmentDefinition>