<core:FragmentDefinition xmlns="sap.m" xmlns:l="sap.ui.layout" xmlns:f="sap.ui.layout.form" xmlns:core="sap.ui.core">
	<ResponsivePopover id="idSystemHintPopover" title="{i18n>txtSystemHint}" placement="Auto" initialFocus="content" contentWidth="35rem"
		modal="true">
		<content>
			<VBox wrap="Wrap">
				<core:HTML id="idSystemHintHTML"  class="sapUiSmallMargin"></core:HTML>
			</VBox>
		</content>
		<endButton>
			<Button text="{i18n>close}" press="handleSystemHintPopoverClose"/>
		</endButton>
	</ResponsivePopover>
</core:FragmentDefinition>