{
  "xsappname": "coeresourceplanning",
  "tenant-mode": "dedicated",
  "description": "Security profile of called application",
  "scopes": [
    {
      "name": "$XSAPPNAME.user",
      "description": "Can access Personal Calendar"
    }
  ],
  "role-templates": [
    {
      "name": "User",
      "description": "Personal Calendar User - Can access Personal Calendar App",
      "scope-references": [
        "$XSAPPNAME.user"
      ]
    }
  ],
  "oauth2-configuration": {
    "redirect-uris": [
        "https://**.hana.ondemand.com/**",
        "https://**.applicationstudio.cloud.sap/**",
        "http://localhost:*/**"
    ]
  }
}

