<core:FragmentDefinition xmlns="sap.m" xmlns:core="sap.ui.core" 
	xmlns:m="sap.m" >
  <!-- TODO: check references to this file as it appears to not be used anymore could possibly be removed -->
	<Dialog title="{i18n>FRAGMENT_ORGUNIT_TITLE}" 
		contentWidth="650px" contentHeight="70%" >
     <Page
       id="OrgUnitDialog"
       title="{i18n>FRAGMENT_ORGUNIT_TITLE}"
       showNavButton="true"
       navButtonPress="onOrgUnitNavBack"
       showHeader="true">
       <List
         id="orgUnitList"
         mode="SingleSelectLeft"
         selectionChange="onOrgUnitSeclectionChange"
		     itemPress="onOrgUnitNav">
       </List>
     </Page>
		<beginButton>
			<Button id="acceptForOrgId" text="{i18n>FRAGMENT_ORGUNIT_BUTTON_OK}" press="onPressOk" />
		</beginButton>       
		<endButton>
			<Button id="idForCancelButton" text="{i18n>FRAGMENT_ORGUNIT_BUTTON_CLOSE}" press="onCloseDialog" />
		</endButton>      
	</Dialog>
</core:FragmentDefinition>