<core:FragmentDefinition xmlns="sap.m" xmlns:core="sap.ui.core" xmlns:mc="sap.suite.ui.microchart" xmlns:viz="sap.viz.ui5.controls" xmlns:commons="sap.suite.ui.commons" xmlns:l="sap.ui.layout" xmlns:viz.feeds="sap.viz.ui5.controls.common.feeds" xmlns:viz.data="sap.viz.ui5.data" xmlns:uicommons="sap.ui.commons" xmlns:app="http://schemas.sap.com/sapui5/extension/sap.ui.core.CustomData/1">
    <IconTabFilter text="{i18n>FRAGMENT_STAFFED_DETAILS_TITLE}" id="staffedDetailsTab" key="staffedDetails">
        <VBox id="tabContainer">
            <core:Fragment id="RangeSlider" fragmentName="sap.coe.capacity.analysis.fragment.CalendarWeekRangeSlider" type="XML" />
            <HBox id="idForHBox" class="centerTiles sapUiSmallMarginTop sapMHBox">
                <GenericTile id="availableResources" header="{i18n>FRAGMENT_STAFFED_DETAILS_TILE_HEADER_AVAILABLE_RESOURCES}" size="L" frameType="OneByOne" app:textAreaData="tileDescription/availableResources" press="onTilePopoverOpen">
                    <tileContent>
                        <TileContent unit="" footer="{i18n>FRAGMENT_STAFFED_DETAILS_TILE_CONTENT_FOOTER_IN_HC}" size="M">
                            <content>
                                <NumericContent size="S" value="{StaffedDetailsTile>/AvailableResource}" truncateValueTo="7" />
                            </content>
                        </TileContent>
                    </tileContent>
                </GenericTile>
                <GenericTile id="demandAnalysis" header="{i18n>FRAGMENT_STAFFED_DETAILS_TILE_HEADER_DEMAND_ANALYSIS}" subheader="{i18n>FRAGMENT_STAFFED_DETAILS_TILE_SUBHEADER_DEMAND_OVERCAPACITY_VS_UNSTAFFED_DEMAND}" size="L" frameType="TwoByOne" app:textAreaData="tileDescription/demandAnalysis" press="onTilePopoverOpen">
                    <tileContent>
                        <TileContent size="L" class="tileContentExpandMicrochart" footer="{i18n>FRAGMENT_STAFFED_DETAILS_TILE_CONTENT_FOOTER_DAYS}">
                            <content>
                                <mc:ComparisonMicroChart size="S" view="Normal " width="20rem" class="sapUiSmallMargin" press="" colorPalette="#5cbae6, #b6d957">
                                    <mc:data>
                                        <mc:ComparisonMicroChartData title="{i18n>FRAGMENT_STAFFED_DETAILS_MICROCHART_TITLE_DEMAND_OVERCAPACITY}" value="{path: 'StaffedDetailsTile>/OverCapacity', formatter: '.formatter.toFloat'}" />
                                        <mc:ComparisonMicroChartData title="{i18n>FRAGMENT_STAFFED_DETAILS_MICROCHART_TITLE_UNSTAFFED_DEMAND}" value="{path: 'StaffedDetailsTile>/UnstaffedDemDays', formatter: '.formatter.toFloat'}" />
                                    </mc:data>
                                </mc:ComparisonMicroChart>
                            </content>
                        </TileContent>
                    </tileContent>
                </GenericTile>
                <GenericTile id="staffedDemand" header="{i18n>FRAGMENT_STAFFED_DETAILS_TILE_HEADER_STAFFED_DEMAND}" size="L" frameType="OneByOne" app:textAreaData="tileDescription/staffedDemand" press="onTilePopoverOpen">
                    <tileContent>
                        <TileContent unit="" footer="{i18n>FRAGMENT_STAFFED_DETAILS_TILE_CONTENT_FOOTER_IN_DAYS}" size="M">
                            <content>
                                <NumericContent size="S" value="{StaffedDetailsTile>/TeamProdDays}" truncateValueTo="7" />
                            </content>
                        </TileContent>
                    </tileContent>
                </GenericTile>
                <GenericTile id="customersServed" header="{i18n>FRAGMENT_STAFFED_DETAILS_TILE_HEADER_CUSTOMERS_SERVED}" subheader="{i18n>FRAGMENT_STAFFED_DETAILS_TILE_SUBHEADER_DEMAND_ANALYSIS_ON_SERVICE_ORDER}" size="L" frameType="OneByOne" app:textAreaData="tileDescription/customersServed" press="onTilePopoverOpen">
                    <tileContent>
                        <TileContent unit="" footer="{i18n>FRAGMENT_STAFFED_DETAILS_TILE_CONTENT_FOOTER_NUMBER_OF_CUSTOMERS}" size="M">
                            <content>
                                <NumericContent size="S" value="{StaffedDetailsTile>/CustomerNo}" truncateValueTo="7" />
                            </content>
                        </TileContent>
                    </tileContent>
                </GenericTile>
                <GenericTile id="coveredQualifications" header="{i18n>FRAGMENT_STAFFED_DETAILS_TILE_HEADER_COVERED_QUALIFICATIONS}" subheader="{i18n>FRAGMENT_STAFFED_DETAILS_TILE_SUBHEADER_DEMAND_ANALYSIS_ON_STAFFED_DEMAND}" size="L" frameType="OneByOne" app:textAreaData="tileDescription/coveredQualifications" press="onTilePopoverOpen">
                    <tileContent>
                        <TileContent unit="" footer="{i18n>FRAGMENT_STAFFED_DETAILS_TILE_CONTENT_FOOTER_NUMBER_OF_QUALIFICATIONS}" size="M">
                            <content>
                                <NumericContent size="S" value="{StaffedDetailsTile>/CoverQuali}" truncateValueTo="7" />
                            </content>
                        </TileContent>
                    </tileContent>
                </GenericTile>
            </HBox>
            <l:VerticalLayout class="sapUiContentPadding" width="100%">
                <l:content>
                    <commons:ChartContainer id="idChartContainer" showFullScreen="true" showPersonalization="false" autoAdjustHeight="false">
                        <commons:customIcons>
                            <core:Icon src="sap-icon://message-information" app:textAreaData="tileDescription/staffedDetailsGraph" press="onIconPopoverOpen" />
                        </commons:customIcons>
                        <commons:dimensionSelectors>
                            <Select id="idForSelectChartDimension" change="onStaffedDetailsSelectionChange" enabled="false">
                                <core:Item key="roles" text="{i18n>FRAGMENT_STAFFED_DETAILS_DROPDOWN_ROLES}" />
                                <core:Item key="services" text="{i18n>FRAGMENT_STAFFED_DETAILS_DROPDOWN_SERVICES}" />
                                <core:Item key="qualifications" text="{i18n>FRAGMENT_STAFFED_DETAILS_DROPDOWN_QUALIFICATIONS}" />
                                <core:Item key="nonproddays" text="{i18n>FRAGMENT_STAFFED_DETAILS_DROPDOWN_NONPROD}" />
                                <core:Item key="activity" text="{i18n>FRAGMENT_STAFFED_DETAILS_DROPDOWN_ACTIVITY}" />
                                <core:Item key="resourceorigin" text="{i18n>FRAGMENT_STAFFED_DETAILS_DROPDOWN_RESOURCE_ORIGIN}" />
                            </Select>
                        </commons:dimensionSelectors>
                        <commons:content>
                            <commons:ChartContainerContent icon="sap-icon://horizontal-bar-chart" title="{i18n>FRAGMENT_STAFFED_DETAILS_CHART_TITLE_CHART_VIEW}">
                                <commons:content>
                                    <viz:VizFrame id="idVizFrame" uiConfig="{applicationSet:'fiori'}" height="25rem" margin="auto" width="100%" vizType='donut'>
                                        <viz:dataset>
                                            <viz.data:FlattenedDataset data="{StaffedDetailsChart>/}">
                                                <viz.data:dimensions>
                                                    <viz.data:DimensionDefinition name="Role" value="{Role}" />
                                                </viz.data:dimensions>
                                                <viz.data:measures>
                                                    <viz.data:MeasureDefinition name="Days" value="{Days}" />
                                                </viz.data:measures>
                                            </viz.data:FlattenedDataset>
                                        </viz:dataset>
                                        <viz:feeds>
                                            <viz.feeds:FeedItem uid="size" type="Measure" values="Days" />
                                            <viz.feeds:FeedItem uid="color" type="Dimension" values="Role" />
                                        </viz:feeds>
                                    </viz:VizFrame>
                                </commons:content>
                            </commons:ChartContainerContent>
                            <commons:ChartContainerContent icon="sap-icon://table-chart" title="{i18n>FRAGMENT_STAFFED_DETAILS_TABLE_TITLE_TABLE_VIEW}">
                                <commons:content>
                                    <Table id="idForTable"> </Table>
                                </commons:content>
                            </commons:ChartContainerContent>
                        </commons:content>
                    </commons:ChartContainer>
                </l:content>
            </l:VerticalLayout>
        </VBox>
    </IconTabFilter>
</core:FragmentDefinition>