<core:FragmentDefinition 
    xmlns="sap.m" 
    xmlns:core="sap.ui.core" 
    xmlns:mc="sap.suite.ui.microchart" 
    xmlns:viz="sap.viz.ui5.controls" 
    xmlns:commons="sap.suite.ui.commons" 
    xmlns:l="sap.ui.layout" 
    xmlns:viz.feeds="sap.viz.ui5.controls.common.feeds" 
    xmlns:viz.data="sap.viz.ui5.data" 
    xmlns:uicommons="sap.ui.commons"
    xmlns:app="http://schemas.sap.com/sapui5/extension/sap.ui.core.CustomData/1">
    <IconTabFilter text="{i18n>FRAGMENT_TEAM_OVERVIEW_TITLE}" id="teamOverViewTab" key="teamOverview">
        <VBox id="tabContainer">
            <core:Fragment id="RangeSlider" fragmentName="sap.coe.capacity.analysis.fragment.CalendarWeekRangeSlider" type="XML" />  
            <HBox id ="idForHBox" class="centerTiles sapUiSmallMarginTop sapMHBox">
                <GenericTile id="availableCapacity" header="{i18n>FRAGMENT_TEAM_OVERVIEW_TILE_HEADER_AVAILABLE_CAPACITY}" size="L" subheader="{i18n>FRAGMENT_TEAM_OVERVIEW_TILE_SUBHEADER_TOTAL_CAPACITY}" frameType="TwoByOne" app:textAreaData="tileDescription/availableCapacity" press="onTilePopoverOpen">
                    <tileContent>
                        <TileContent unit="" footer="{i18n>FRAGMENT_TEAM_OVERVIEW_TILE_CONTENT_FOOTER_DAYS}" size="L">
                            <content>
                                <NumericContent value="{path: 'TeamOverviewTile>/AvailableCapacity', formatter: '.formatter.toFloat'}" size="S" truncateValueTo="7" />
                            </content>
                        </TileContent>
                        <TileContent footer="{i18n>FRAGMENT_TEAM_OVERVIEW_TILE_CONTENT_FOOTER_DAYS}" size="L">
                            <content>
                                <mc:ComparisonMicroChart size="S" colorPalette="black, #de890d, #44743c">
                                    <mc:data>
                                        <mc:ComparisonMicroChartData title="{i18n>FRAGMENT_TEAM_OVERVIEW_MICROCHART_TITLE_TOTAL_CAPACITY}" value="{path: 'TeamOverviewTile>/TotalDays', formatter: '.formatter.toFloat'}" />
                                        <mc:ComparisonMicroChartData title="{i18n>FRAGMENT_TEAM_OVERVIEW_MICROCHART_TITLE_UNSTAFFED_DEMAND}" value="{path: 'TeamOverviewTile>/UnstaffedDemDays', formatter: '.formatter.toFloat'}"/>
                                        <mc:ComparisonMicroChartData title="{i18n>FRAGMENT_TEAM_OVERVIEW_MICROCHART_TITLE_STAFFED_DEMANDS}" value="{path: 'TeamOverviewTile>/TeamProdDays', formatter: '.formatter.toFloat'}" />
                                    </mc:data>
                                </mc:ComparisonMicroChart>
                            </content>
                        </TileContent>
                    </tileContent>
                </GenericTile>
            </HBox>
            <l:VerticalLayout class="sapUiContentPadding" width="100%">
                <l:content>
                    <commons:ChartContainer id="idChartContainer"  showFullScreen="true" showPersonalization="false" autoAdjustHeight="false" >
                        <commons:content>
                            <commons:ChartContainerContent icon="sap-icon://horizontal-bar-chart" title="{i18n>FRAGMENT_TEAM_OVERVIEW_CHART_TITLE}">
                                <commons:content>
                                    <viz:VizFrame id="idVizFrame" uiConfig="{applicationSet:'fiori'}" width="100%" height="25rem" margin="auto" vizType="stacked_combination">
                                        <viz:dataset>
                                            <viz.data:FlattenedDataset data="{TeamOverview>/}">
                                                <viz.data:dimensions>
                                                    <viz.data:DimensionDefinition name="{i18n>FRAGMENT_STAFFED_DEMAND_CHART_DIMENSION_CALENDAR_WEEK}" value="{path:'CW' , formatter: '.formatter.addTextToCW'}" />

                                                    <viz.data:DimensionDefinition name="{i18n>FRAGMENT_STAFFED_DEMAND_CHART_DIMENSION_YEAR}" value="{path:'CW' , formatter: '.formatter.getCWYear'}"/>
                                                </viz.data:dimensions>
                                                <viz.data:measures>
                                                    <viz.data:MeasureDefinition name="UnstaffedDemDays" value="{UnstaffedDemDays}" />
                                                    <viz.data:MeasureDefinition name="AvailableCapacity" value="{AvailableCapacity}" />
                                                    <viz.data:MeasureDefinition name="StaffedDemDays" value="{StaffedDemDays}" />
                                                    <viz.data:MeasureDefinition name="TotalCapacity" value="{TotalCapacity}" />
                                                    <!--Demand Forecast feature on hold until Wave 3 2017 -->
<!--                                                     <viz.data:MeasureDefinition name="DemandForecast" value="{DemForecast}" /> -->
                                                </viz.data:measures>
                                            </viz.data:FlattenedDataset>
                                        </viz:dataset>
                                    </viz:VizFrame>
                                </commons:content>
                            </commons:ChartContainerContent>
                        </commons:content>
                        <commons:customIcons>
                            <core:Icon id="idForIcon" src="sap-icon://message-information" app:textAreaData="tileDescription/teamOverviewGraph" useIconTooltip="false" tooltip="{i18n>FRAGMENT_STAFFED_DEMAND_CHART_CHART_INFO_TOOLTIP}" press="onIconPopoverOpen"/>
                        </commons:customIcons>
                    </commons:ChartContainer>
                </l:content>
            </l:VerticalLayout>
        </VBox>
    </IconTabFilter>
</core:FragmentDefinition>