{
	"d": {
		"results": [{
			"__metadata": {
				"id": "https://pgtmain.wdf.sap.corp/sap/opu/odata/sap/ZS_AGS_DASHBOARDS_SRV/ResNonProdTalSet(BegDate=datetime'2016-09-24T23%3A00%3A00',EndDate=datetime'2016-11-19T23%3A59%3A59')",
				"uri": "https://pgtmain.wdf.sap.corp/sap/opu/odata/sap/ZS_AGS_DASHBOARDS_SRV/ResNonProdTalSet(BegDate=datetime'2016-09-24T23%3A00%3A00',EndDate=datetime'2016-11-19T23%3A59%3A59')",
				"type": "ZS_AGS_DASHBOARDS_SRV.ResNonProdTal"
			},
			"BegDate": "\/Date(1468195200000)\/",
			"EndDate": "\/Date(1473030000000)\/",
			"OrgId": "30015950",
			"TalType": "ZOB",
			"TalDes": "Unavailable on weekends",
			"ResCount": 0,
			"Days": 81,
			"GWMsg": "",
			"ResServiceTeam": "",
			"ResQualification": "",
			"ResServiceArea": ""
		}, {
			"__metadata": {
				"id": "https://pgtmain.wdf.sap.corp/sap/opu/odata/sap/ZS_AGS_DASHBOARDS_SRV/ResNonProdTalSet(BegDate=datetime'2016-09-24T23%3A00%3A00',EndDate=datetime'2016-11-19T23%3A59%3A59')",
				"uri": "https://pgtmain.wdf.sap.corp/sap/opu/odata/sap/ZS_AGS_DASHBOARDS_SRV/ResNonProdTalSet(BegDate=datetime'2016-09-24T23%3A00%3A00',EndDate=datetime'2016-11-19T23%3A59%3A59')",
				"type": "ZS_AGS_DASHBOARDS_SRV.ResNonProdTal"
			},
			"BegDate": "\/Date(1468195200000)\/",
			"EndDate": "\/Date(1473030000000)\/",
			"OrgId": "30015950",
			"TalType": "ZAB",
			"TalDes": "EMEA (Yes) US (Yes) On-site (Yes)",
			"ResCount": 0,
			"Days": 40,
			"GWMsg": "",
			"ResServiceTeam": "",
			"ResQualification": "",
			"ResServiceArea": ""
		}, {
			"__metadata": {
				"id": "https://pgtmain.wdf.sap.corp/sap/opu/odata/sap/ZS_AGS_DASHBOARDS_SRV/ResNonProdTalSet(BegDate=datetime'2016-09-24T23%3A00%3A00',EndDate=datetime'2016-11-19T23%3A59%3A59')",
				"uri": "https://pgtmain.wdf.sap.corp/sap/opu/odata/sap/ZS_AGS_DASHBOARDS_SRV/ResNonProdTalSet(BegDate=datetime'2016-09-24T23%3A00%3A00',EndDate=datetime'2016-11-19T23%3A59%3A59')",
				"type": "ZS_AGS_DASHBOARDS_SRV.ResNonProdTal"
			},
			"BegDate": "\/Date(1468195200000)\/",
			"EndDate": "\/Date(1473030000000)\/",
			"OrgId": "30015950",
			"TalType": "ZVAC",
			"TalDes": "Absence",
			"ResCount": 0,
			"Days": 47,
			"GWMsg": "",
			"ResServiceTeam": "",
			"ResQualification": "",
			"ResServiceArea": ""
		}]
	}
}