{
    "d": {
        "results": [{
            "__metadata": {
                "id": "https://pgtmain.wdf.sap.corp/sap/opu/odata/sap/ZS_AGS_DASHBOARDS_SRV/ResQualAvaSet('50001139')",
                "uri": "https://pgtmain.wdf.sap.corp/sap/opu/odata/sap/ZS_AGS_DASHBOARDS_SRV/ResQualAvaSet('50001139')",
                "type": "ZS_AGS_DASHBOARDS_SRV.ResQualAva"
            },
            "BegDate": "\/Date(1503273600000)\/",
            "EndDate": "\/Date(1503874800000)\/",
            "CW": "201636",
            "DemCapacity": "20",
            "TotalCapacity": "100",
            "StaffedDemDays": "30",
            "UnstaffedDemDays": "40",
            "AvailableCapacity": "10",
            "ResServiceTeam": "",
            "ResQualification": "",
            "ResServiceArea": "",
            "DemandServiceTeam": "50008194",
            "DemandQualification": "",
            "DemandUserStatus": "",
            "DemOverCapacity": "0",
            "QId": "50001139",
            "QDesc": "MM-IM   Inventory Management",
            "DemandForecast": "20",
            "OrgId": "30015950"
        }, {
            "__metadata": {
                "id": "https://pgtmain.wdf.sap.corp/sap/opu/odata/sap/ZS_AGS_DASHBOARDS_SRV/ResQualAvaSet('50001100')",
                "uri": "https://pgtmain.wdf.sap.corp/sap/opu/odata/sap/ZS_AGS_DASHBOARDS_SRV/ResQualAvaSet('50001100')",
                "type": "ZS_AGS_DASHBOARDS_SRV.ResQualAva"
            },
            "BegDate": "\/Date(1503273600000)\/",
            "EndDate": "\/Date(1503874800000)\/",
            "CW": "201636",
            "DemCapacity": "20",
            "TotalCapacity": "80",
            "StaffedDemDays": "30",
            "UnstaffedDemDays": "40",
            "AvailableCapacity": "0",
            "ResServiceTeam": "",
            "ResQualification": "",
            "ResServiceArea": "",
            "DemandServiceTeam": "50008194",
            "DemandQualification": "",
            "DemandUserStatus": "",
            "DemOverCapacity": "10",
            "QId": "50001100",
            "QDesc": "CO-PC   Product Cost Controlling",
            "DemandForecast": "10",
            "OrgId": "30015950"
        }, {
            "__metadata": {
                "id": "https://pgtmain.wdf.sap.corp/sap/opu/odata/sap/ZS_AGS_DASHBOARDS_SRV/ResQualAvaSet('50001105')",
                "uri": "https://pgtmain.wdf.sap.corp/sap/opu/odata/sap/ZS_AGS_DASHBOARDS_SRV/ResQualAvaSet('50001105')",
                "type": "ZS_AGS_DASHBOARDS_SRV.ResQualAva"
            },
            "BegDate": "\/Date(1503273600000)\/",
            "EndDate": "\/Date(1503874800000)\/",
            "CW": "201636",
            "DemCapacity": "20",
            "TotalCapacity": "90",
            "StaffedDemDays": "30",
            "UnstaffedDemDays": "40",
            "AvailableCapacity": "0",
            "ResServiceTeam": "",
            "ResQualification": "",
            "ResServiceArea": "",
            "DemandServiceTeam": "50008194",
            "DemandQualification": "",
            "DemandUserStatus": "",
            "DemOverCapacity": "0",
            "QId": "50001105",
            "QDesc": "CO-PA   Profitability Analysis",
            "DemandForecast": "20",
            "OrgId": "30015950"
        }, {
            "__metadata": {
                "id": "https://pgtmain.wdf.sap.corp/sap/opu/odata/sap/ZS_AGS_DASHBOARDS_SRV/ResQualAvaSet('50001125')",
                "uri": "https://pgtmain.wdf.sap.corp/sap/opu/odata/sap/ZS_AGS_DASHBOARDS_SRV/ResQualAvaSet('50001125')",
                "type": "ZS_AGS_DASHBOARDS_SRV.ResQualAva"
            },
            "BegDate": "\/Date(1503273600000)\/",
            "EndDate": "\/Date(1503874800000)\/",
            "CW": "201636",
            "DemCapacity": "20",
            "TotalCapacity": "90",
            "StaffedDemDays": "30",
            "UnstaffedDemDays": "40",
            "AvailableCapacity": "10",
            "ResServiceTeam": "",
            "ResQualification": "",
            "ResServiceArea": "",
            "DemandServiceTeam": "50008194",
            "DemandQualification": "",
            "DemandUserStatus": "",
            "DemOverCapacity": "0",
            "QId": "50001125",
            "QDesc": "SD   Sales and Distribution",
            "DemandForecast": "10",
            "OrgId": "30015950"
        }]
    }
}
