{
	"d": {
		"results": [{
			"__metadata": {
				"id": "https://pgtmain.wdf.sap.corp/sap/opu/odata/sap/ZS_AGS_DASHBOARDS_SRV/ResQualSet(BegDate=datetime'2016-09-24T23%3A00%3A00',EndDate=datetime'2016-11-19T23%3A59%3A59')",
				"uri": "https://pgtmain.wdf.sap.corp/sap/opu/odata/sap/ZS_AGS_DASHBOARDS_SRV/ResQualSet(BegDate=datetime'2016-09-24T23%3A00%3A00',EndDate=datetime'2016-11-19T23%3A59%3A59')",
				"type": "ZS_AGS_DASHBOARDS_SRV.ResQual"
			},
			"BegDate": "\/Date(1468195200000)\/",
			"EndDate": "\/Date(1473030000000)\/",
			"OrgId": "30015950",
			"QId": "93200014",
			"QDesc": "SAP WEB AS",
			"Days": 2,
			"GWMsg": "",
			"ResServiceTeam": "",
			"ResServiceArea": "",
			"ResQualification": ""
		}]
	}
}