{
	"d": {
		"results": [{
			"__metadata": {
				"id": "https://pgtmain.wdf.sap.corp/sap/opu/odata/sap/ZS_AGS_DASHBOARDS_SRV/ResServiceSet(OrgId='',BegDate=datetime'2016-09-24T23%3A00%3A00',EndDate=datetime'2016-11-19T23%3A59%3A59')",
				"uri": "https://pgtmain.wdf.sap.corp/sap/opu/odata/sap/ZS_AGS_DASHBOARDS_SRV/ResServiceSet(OrgId='',BegDate=datetime'2016-09-24T23%3A00%3A00',EndDate=datetime'2016-11-19T23%3A59%3A59')",
				"type": "ZS_AGS_DASHBOARDS_SRV.ResService"
			},
			"OrgId": "30015950",
			"BegDate": "\/Date(1468195200000)\/",
			"EndDate": "\/Date(1473030000000)\/",
			"ServiceID": "",
			"ServiceText": "SAP CQC for Implementation",
			"Days": 4,
			"GWMsg": "",
			"ResServiceTeam": "",
			"ResQualification": "",
			"ResServiceArea": ""
		}, {
			"__metadata": {
				"id": "https://pgtmain.wdf.sap.corp/sap/opu/odata/sap/ZS_AGS_DASHBOARDS_SRV/ResServiceSet(OrgId='',BegDate=datetime'2016-09-24T23%3A00%3A00',EndDate=datetime'2016-11-19T23%3A59%3A59')",
				"uri": "https://pgtmain.wdf.sap.corp/sap/opu/odata/sap/ZS_AGS_DASHBOARDS_SRV/ResServiceSet(OrgId='',BegDate=datetime'2016-09-24T23%3A00%3A00',EndDate=datetime'2016-11-19T23%3A59%3A59')",
				"type": "ZS_AGS_DASHBOARDS_SRV.ResService"
			},
			"OrgId": "30015950",
			"BegDate": "\/Date(1468195200000)\/",
			"EndDate": "\/Date(1473030000000)\/",
			"ServiceID": "",
			"ServiceText": "SAP CQC EarlyWatch Check",
			"Days": 6,
			"GWMsg": "",
			"ResServiceTeam": "",
			"ResQualification": "",
			"ResServiceArea": ""
		}]
	}
}