{
    "welcomeFile": "/index.html",
    "routes": [
      {
        "source": "^/sap/opu/odata/(.*)$",
        "target": "$1",
        "csrfProtection": false,
        "destination": "int_ic",
        "authenticationType": "xsuaa"
      },
      {
        "source": "^/sap/bc/ui2/start_up/(.*)$",
        "target": "$1",
        "csrfProtection": false,
        "destination": "int_ic",
        "authenticationType": "xsuaa"
      },
      {
        "source": "^/user-api(.*)",
        "target": "$1",
        "service": "sap-approuter-userapi"
      },
      {
        "source": "^(.*)$",
        "target": "$1",
        "destination": "local"
     }
    ]
  }
  