{
  "welcomeFile": "/index.html",
  "authenticationMethod": "route",
  "routes": [
    {
      "source": "^/sap/opu/odata/(.*)$",
      "target": "$1",
      "csrfProtection": false,
      "destination": "int_ic",
      "authenticationType": "xsuaa"
    },
    {
      "source": "^/sap/bc/ui2/start_up/(.*)$",
      "target": "$1",
      "csrfProtection": false,
      "destination": "int_ic",
      "authenticationType": "xsuaa"
    },
    {
      "source": "^/user-api(.*)",
      "target": "$1",
      "service": "sap-approuter-userapi"
    },
    {
      "source": "^/sapit-employee-data",
      "target": "/",
      "csrfProtection": false,
      "destination": "sapit-employee-data",
      "authenticationType": "xsuaa"
    },    
    {
      "source": "^/index.html",
      "service": "html5-apps-repo-rt",
      "cacheControl": "no-cache, no-store, must-revalidate"
    },
    {
      "source": "^/sap-ui-cachebuster-info.json(.*)$",
      "target": "/sap-ui-cachebuster-info.json$1",
      "service": "html5-apps-repo-rt",
      "cacheControl": "no-cache, no-store, must-revalidate"
    },
    {
      "source": "^(.*)$",
      "target": "$1",
      "service": "html5-apps-repo-rt",
      "authenticationType":"xsuaa",
      "scope": [
        "$XSAPPNAME.user"
      ]
    }
  ]
}
